Insert into CORE_USER (CODE,NAME,SURNAME,LOGIN,PASSWORD,PASSWORD_MFA,PASSWORD_CHANGED,STATUS,EMAIL,CREATION_DATE,REPORT_PSW,POLLING_PLACE_CODE) values (10,'PollBook','PollBook','vero1',1000000000,null,1,'ACTIVE','prueba@',to_date('18-JUL-18','DD-MON-RR'),null,1028);
Insert into CORE_USER (CODE,NAME,SURNAME,LOGIN,PASSWORD,PASSWORD_MFA,PASSWORD_CHANGED,STATUS,EMAIL,CREATION_DATE,REPORT_PSW,POLLING_PLACE_CODE) values (11,'ApplicationRecipient','ApplicationRecipient','vero2',1000000000,null,1,'ACTIVE','granda@',to_date('18-JUL-18','DD-MON-RR'),null,875);
Insert into CORE_USER (CODE,NAME,SURNAME,LOGIN,PASSWORD,PASSWORD_MFA,PASSWORD_CHANGED,STATUS,EMAIL,CREATION_DATE,REPORT_PSW,POLLING_PLACE_CODE) values (12,'AdvanceVoteApprover','AdvanceVoteApprover','vero3',1000000000,null,1,'ACTIVE','admin@gmail,com',to_date('18-JUL-18','DD-MON-RR'),null,1358);
Insert into CORE_USER (CODE,NAME,SURNAME,LOGIN,PASSWORD,PASSWORD_MFA,PASSWORD_CHANGED,STATUS,EMAIL,CREATION_DATE,REPORT_PSW,POLLING_PLACE_CODE) values (13,'AdvanceVoteRecipient','AdvanceVoteRecipient','vero4',1000000000,null,1,'ACTIVE','operators@',to_date('18-JUL-18','DD-MON-RR'),null,472);
Insert into CORE_USER (CODE,NAME,SURNAME,LOGIN,PASSWORD,PASSWORD_MFA,PASSWORD_CHANGED,STATUS,EMAIL,CREATION_DATE,REPORT_PSW,POLLING_PLACE_CODE) values (14,'AdvanceVoteRegistrar','AdvanceVoteRegistrar','vero5',1000000000,null,1,'ACTIVE','order@',to_date('18-JUL-18','DD-MON-RR'),null,766);
Insert into CORE_USER (CODE,NAME,SURNAME,LOGIN,PASSWORD,PASSWORD_MFA,PASSWORD_CHANGED,STATUS,EMAIL,CREATION_DATE,REPORT_PSW,POLLING_PLACE_CODE) values (15,'CentralSystemAdmin','CentralSystemAdmin','vero6',1000000000,null,1,'ACTIVE','register@',to_date('18-JUL-18','DD-MON-RR'),null,1164);
Insert into CORE_USER (CODE,NAME,SURNAME,LOGIN,PASSWORD,PASSWORD_MFA,PASSWORD_CHANGED,STATUS,EMAIL,CREATION_DATE,REPORT_PSW,POLLING_PLACE_CODE) values (16,'CandidateApproverFV','CandidateApproverFV','vero7',1000000000,null,1,'ACTIVE','dfgdfgfdg@',to_date('18-JUL-18','DD-MON-RR'),null,56);
Insert into CORE_USER (CODE,NAME,SURNAME,LOGIN,PASSWORD,PASSWORD_MFA,PASSWORD_CHANGED,STATUS,EMAIL,CREATION_DATE,REPORT_PSW,POLLING_PLACE_CODE) values (17,'CandidateApproverKV','CandidateApproverKV','vero8',1000000000,null,1,'ACTIVE','dfgdfgfdg@',to_date('18-JUL-18','DD-MON-RR'),null,56);
Insert into CORE_USER (CODE,NAME,SURNAME,LOGIN,PASSWORD,PASSWORD_MFA,PASSWORD_CHANGED,STATUS,EMAIL,CREATION_DATE,REPORT_PSW,POLLING_PLACE_CODE) values (18,'CandidateApproverRV','CandidateApproverRV','vero9',1000000000,null,1,'ACTIVE','dfgdfgfdg@',to_date('18-JUL-18','DD-MON-RR'),null,56);
Insert into CORE_USER (CODE,NAME,SURNAME,LOGIN,PASSWORD,PASSWORD_MFA,PASSWORD_CHANGED,STATUS,EMAIL,CREATION_DATE,REPORT_PSW,POLLING_PLACE_CODE) values (19,'CandidateApproverEV','CandidateApproverEV','vero10',1000000000,null,1,'ACTIVE','dfgdfgfdg@',to_date('18-JUL-18','DD-MON-RR'),null,56);
Insert into CORE_USER (CODE,NAME,SURNAME,LOGIN,PASSWORD,PASSWORD_MFA,PASSWORD_CHANGED,STATUS,EMAIL,CREATION_DATE,REPORT_PSW,POLLING_PLACE_CODE) values (46,'Sr registrador','Candidato FV','prueba1',1000000000,null,1,'ACTIVE','jsfbjsbf@',to_date('18-JUL-18','DD-MON-RR'),null,877);
Insert into CORE_USER (CODE,NAME,SURNAME,LOGIN,PASSWORD,PASSWORD_MFA,PASSWORD_CHANGED,STATUS,EMAIL,CREATION_DATE,REPORT_PSW,POLLING_PLACE_CODE) values (45,'Sr registrador','Candidato KV','prueba2',1000000000,null,1,'ACTIVE','granda@',to_date('18-JUL-18','DD-MON-RR'),null,1023);
Insert into CORE_USER (CODE,NAME,SURNAME,LOGIN,PASSWORD,PASSWORD_MFA,PASSWORD_CHANGED,STATUS,EMAIL,CREATION_DATE,REPORT_PSW,POLLING_PLACE_CODE) values (44,'Sr registrador','Candidato RV','prueba3',1000000000,null,1,'ACTIVE','prueba@',to_date('18-JUL-18','DD-MON-RR'),null,1028);
Insert into CORE_USER (CODE,NAME,SURNAME,LOGIN,PASSWORD,PASSWORD_MFA,PASSWORD_CHANGED,STATUS,EMAIL,CREATION_DATE,REPORT_PSW,POLLING_PLACE_CODE) values (38,'Sr registrador','Candidato EV','prueba4',1000000000,null,1,'ACTIVE','granda@',to_date('18-JUL-18','DD-MON-RR'),null,875);
Insert into CORE_USER (CODE,NAME,SURNAME,LOGIN,PASSWORD,PASSWORD_MFA,PASSWORD_CHANGED,STATUS,EMAIL,CREATION_DATE,REPORT_PSW,POLLING_PLACE_CODE) values (37,'Local','Administrator','prueba5',1000000000,null,1,'ACTIVE','admin@gmail,com',to_date('18-JUL-18','DD-MON-RR'),null,1358);
Insert into CORE_USER (CODE,NAME,SURNAME,LOGIN,PASSWORD,PASSWORD_MFA,PASSWORD_CHANGED,STATUS,EMAIL,CREATION_DATE,REPORT_PSW,POLLING_PLACE_CODE) values (36,'Master Data','Operators','prueba6',1000000000,null,1,'ACTIVE','operators@',to_date('18-JUL-18','DD-MON-RR'),null,472);
Insert into CORE_USER (CODE,NAME,SURNAME,LOGIN,PASSWORD,PASSWORD_MFA,PASSWORD_CHANGED,STATUS,EMAIL,CREATION_DATE,REPORT_PSW,POLLING_PLACE_CODE) values (35,'Ballot Papers','Orderers','prueba7',1000000000,null,1,'ACTIVE','order@',to_date('18-JUL-18','DD-MON-RR'),null,766);
Insert into CORE_USER (CODE,NAME,SURNAME,LOGIN,PASSWORD,PASSWORD_MFA,PASSWORD_CHANGED,STATUS,EMAIL,CREATION_DATE,REPORT_PSW,POLLING_PLACE_CODE) values (34,'Election Book','Registrar','prueba8',1000000000,null,1,'ACTIVE','register@',to_date('18-JUL-18','DD-MON-RR'),null,1164);
Insert into CORE_USER (CODE,NAME,SURNAME,LOGIN,PASSWORD,PASSWORD_MFA,PASSWORD_CHANGED,STATUS,EMAIL,CREATION_DATE,REPORT_PSW,POLLING_PLACE_CODE) values (39,'Election Book','RegistrarNOT','prueba9',1000000000,null,1,'ACTIVE','regisfsster@',to_date('18-JUL-18','DD-MON-RR'),null,1164);
Insert into CORE_USER (CODE,NAME,SURNAME,LOGIN,PASSWORD,PASSWORD_MFA,PASSWORD_CHANGED,STATUS,EMAIL,CREATION_DATE,REPORT_PSW,POLLING_PLACE_CODE) values (40,'Election Book','Approver','prueba10',1000000000,null,1,'ACTIVE','revxdgister@',to_date('18-JUL-18','DD-MON-RR'),null,1164);
Insert into CORE_USER (CODE,NAME,SURNAME,LOGIN,PASSWORD,PASSWORD_MFA,PASSWORD_CHANGED,STATUS,EMAIL,CREATION_DATE,REPORT_PSW,POLLING_PLACE_CODE) values (41,'Election Book','ApproverNOT','prueba11',1000000000,null,1,'ACTIVE','regizasfsster@',to_date('18-JUL-18','DD-MON-RR'),null,1164);
Insert into CORE_USER (CODE,NAME,SURNAME,LOGIN,PASSWORD,PASSWORD_MFA,PASSWORD_CHANGED,STATUS,EMAIL,CREATION_DATE,REPORT_PSW,POLLING_PLACE_CODE) values (42,'Voter Card','Printer','prueba12',1000000000,null,1,'ACTIVE','revxdgistver@',to_date('18-JUL-18','DD-MON-RR'),null,1164);
Insert into CORE_USER (CODE,NAME,SURNAME,LOGIN,PASSWORD,PASSWORD_MFA,PASSWORD_CHANGED,STATUS,EMAIL,CREATION_DATE,REPORT_PSW,POLLING_PLACE_CODE) values (43,'Voter List','Registrar','prueba13',1000000000,null,1,'ACTIVE','regizsasfsster@',to_date('18-JUL-18','DD-MON-RR'),null,1164);
Insert into CORE_USER (CODE,NAME,SURNAME,LOGIN,PASSWORD,PASSWORD_MFA,PASSWORD_CHANGED,STATUS,EMAIL,CREATION_DATE,REPORT_PSW,POLLING_PLACE_CODE) values (47,'Voter Card','Administrator','prueba14',1000000000,null,1,'ACTIVE','ristver@',to_date('18-JUL-18','DD-MON-RR'),null,1164);
Insert into CORE_USER (CODE,NAME,SURNAME,LOGIN,PASSWORD,PASSWORD_MFA,PASSWORD_CHANGED,STATUS,EMAIL,CREATION_DATE,REPORT_PSW,POLLING_PLACE_CODE) values (48,'Voter List','Printer','prueba15',1000000000,null,1,'ACTIVE','refsster@',to_date('18-JUL-18','DD-MON-RR'),null,1164);
Insert into AES.CORE_ROLE (CODE,CUSTOM_CODE,NAME,STATUS,PRECEDENCE) values (2,'PollBook','PollBook','ACTIVE',1);
Insert into AES.CORE_ROLE (CODE,CUSTOM_CODE,NAME,STATUS,PRECEDENCE) values (3,'ApplicationRecipient','ApplicationRecipient','ACTIVE',1);
Insert into AES.CORE_ROLE (CODE,CUSTOM_CODE,NAME,STATUS,PRECEDENCE) values (4,'AdvanceVoteApprover','AdvanceVoteApprover','ACTIVE',1);
Insert into AES.CORE_ROLE (CODE,CUSTOM_CODE,NAME,STATUS,PRECEDENCE) values (5,'AdvanceVoteRecipient','AdvanceVoteRecipient','ACTIVE',1);
Insert into AES.CORE_ROLE (CODE,CUSTOM_CODE,NAME,STATUS,PRECEDENCE) values (6,'AdvanceVoteRegistrar','AdvanceVoteRegistrar','ACTIVE',1);
Insert into AES.CORE_ROLE (CODE,CUSTOM_CODE,NAME,STATUS,PRECEDENCE) values (7,'CentralSystemAdmin','CentralSystemAdmin','ACTIVE',1);
Insert into AES.CORE_ROLE (CODE,CUSTOM_CODE,NAME,STATUS,PRECEDENCE) values (8,'CandidateApproverFV','CandidateApproverFV','ACTIVE',1);
Insert into AES.CORE_ROLE (CODE,CUSTOM_CODE,NAME,STATUS,PRECEDENCE) values (9,'CandidateApproverKV','CandidateApproverKV','ACTIVE',1);
Insert into AES.CORE_ROLE (CODE,CUSTOM_CODE,NAME,STATUS,PRECEDENCE) values (10,'CandidateApproverRV','CandidateApproverRV','ACTIVE',1);
Insert into AES.CORE_ROLE (CODE,CUSTOM_CODE,NAME,STATUS,PRECEDENCE) values (11,'CandidateApproverEV','CandidateApproverEV','ACTIVE',1);
Insert into AES.CORE_ROLE (CODE,CUSTOM_CODE,NAME,STATUS,PRECEDENCE) values (20,'VoterCardPrinter','VoterCardPrinter','ACTIVE',1);
Insert into AES.CORE_ROLE (CODE,CUSTOM_CODE,NAME,STATUS,PRECEDENCE) values (21,'VoterListRegistrar','VoterListRegistrar','ACTIVE',1);
Insert into AES.CORE_ROLE (CODE,CUSTOM_CODE,NAME,STATUS,PRECEDENCE) values (22,'VoterListAdministrator','VoterListAdministrator','ACTIVE',1);
Insert into AES.CORE_ROLE (CODE,CUSTOM_CODE,NAME,STATUS,PRECEDENCE) values (23,'VoterListPrinter','VoterListPrinter','ACTIVE',1);
Insert into AES.CORE_ROLE (CODE,CUSTOM_CODE,NAME,STATUS,PRECEDENCE) values (24,'ElectionBookRegistrarNOT','ElectionBookRegistrarNOT','ACTIVE',1);
Insert into AES.CORE_ROLE (CODE,CUSTOM_CODE,NAME,STATUS,PRECEDENCE) values (25,'ElectionBookApprover','ElectionBookApprover','ACTIVE',1);
Insert into AES.CORE_ROLE (CODE,CUSTOM_CODE,NAME,STATUS,PRECEDENCE) values (26,'ElectionBookApproverNOT','ElectionBookApproverNOT','ACTIVE',1);
Insert into AES.CORE_ROLE (CODE,CUSTOM_CODE,NAME,STATUS,PRECEDENCE) values (12,'CandidateRegistrarFV','CandidateRegistrarFV','ACTIVE',1);
Insert into AES.CORE_ROLE (CODE,CUSTOM_CODE,NAME,STATUS,PRECEDENCE) values (13,'CandidateRegistrarKV','CandidateRegistrarKV','ACTIVE',1);
Insert into AES.CORE_ROLE (CODE,CUSTOM_CODE,NAME,STATUS,PRECEDENCE) values (14,'CandidateRegistrarRV','CandidateRegistrarRV','ACTIVE',1);
Insert into AES.CORE_ROLE (CODE,CUSTOM_CODE,NAME,STATUS,PRECEDENCE) values (15,'CandidateRegistrarEV','CandidateRegistrarEV','ACTIVE',1);
Insert into AES.CORE_ROLE (CODE,CUSTOM_CODE,NAME,STATUS,PRECEDENCE) values (16,'LocalAdministrator','LocalAdministrator','ACTIVE',1);
Insert into AES.CORE_ROLE (CODE,CUSTOM_CODE,NAME,STATUS,PRECEDENCE) values (17,'MasterDataOperator','MasterDataOperator','ACTIVE',1);
Insert into AES.CORE_ROLE (CODE,CUSTOM_CODE,NAME,STATUS,PRECEDENCE) values (18,'BallotPaperOrderers','BallotPaperOrderers','ACTIVE',1);
Insert into AES.CORE_ROLE (CODE,CUSTOM_CODE,NAME,STATUS,PRECEDENCE) values (19,'ElectionBookRegistrar','ElectionBookRegistrar','ACTIVE',1);
Insert into AES.CORE_ROLE (CODE,CUSTOM_CODE,NAME,STATUS,PRECEDENCE) values (32,'user','user','ACTIVE',1);
Insert into AES.CORE_ROLE (CODE,CUSTOM_CODE,NAME,STATUS,PRECEDENCE) values (33,'admin','admin','ACTIVE',1);
Insert into AES.CORE_ROLE_PERMISSION (CODE,PERMISSION_CODE,ROLE_CODE) values (750,1023,32);
Insert into AES.CORE_ROLE_PERMISSION (CODE,PERMISSION_CODE,ROLE_CODE) values (806,1023,33);
Insert into AES.CORE_ROLE_PERMISSION (CODE,PERMISSION_CODE,ROLE_CODE) values (751,1024,32);
Insert into AES.CORE_ROLE_PERMISSION (CODE,PERMISSION_CODE,ROLE_CODE) values (807,1024,33);
Insert into AES.CORE_ROLE_PERMISSION (CODE,PERMISSION_CODE,ROLE_CODE) values (752,1025,32);
Insert into AES.CORE_ROLE_PERMISSION (CODE,PERMISSION_CODE,ROLE_CODE) values (808,1025,33);
Insert into AES.CORE_ROLE_PERMISSION (CODE,PERMISSION_CODE,ROLE_CODE) values (753,1026,32);
Insert into AES.CORE_ROLE_PERMISSION (CODE,PERMISSION_CODE,ROLE_CODE) values (809,1026,33);
Insert into AES.CORE_ROLE_PERMISSION (CODE,PERMISSION_CODE,ROLE_CODE) values (514,1027,17);
Insert into AES.CORE_ROLE_PERMISSION (CODE,PERMISSION_CODE,ROLE_CODE) values (754,1027,32);
Insert into AES.CORE_ROLE_PERMISSION (CODE,PERMISSION_CODE,ROLE_CODE) values (810,1027,33);
Insert into AES.CORE_ROLE_PERMISSION (CODE,PERMISSION_CODE,ROLE_CODE) values (755,1028,32);
Insert into AES.CORE_ROLE_PERMISSION (CODE,PERMISSION_CODE,ROLE_CODE) values (811,1028,33);
Insert into AES.CORE_ROLE_PERMISSION (CODE,PERMISSION_CODE,ROLE_CODE) values (502,1029,12);
Insert into AES.CORE_ROLE_PERMISSION (CODE,PERMISSION_CODE,ROLE_CODE) values (505,1029,13);
Insert into AES.CORE_ROLE_PERMISSION (CODE,PERMISSION_CODE,ROLE_CODE) values (507,1029,14);
Insert into AES.CORE_ROLE_PERMISSION (CODE,PERMISSION_CODE,ROLE_CODE) values (508,1029,15);
Insert into AES.CORE_ROLE_PERMISSION (CODE,PERMISSION_CODE,ROLE_CODE) values (756,1029,32);
Insert into AES.CORE_ROLE_PERMISSION (CODE,PERMISSION_CODE,ROLE_CODE) values (812,1029,33);
Insert into AES.CORE_ROLE_PERMISSION (CODE,PERMISSION_CODE,ROLE_CODE) values (414,1030,7);
Insert into AES.CORE_ROLE_PERMISSION (CODE,PERMISSION_CODE,ROLE_CODE) values (757,1030,32);
Insert into AES.CORE_ROLE_PERMISSION (CODE,PERMISSION_CODE,ROLE_CODE) values (813,1030,33);
Insert into AES.CORE_ROLE_PERMISSION (CODE,PERMISSION_CODE,ROLE_CODE) values (758,1031,32);
Insert into AES.CORE_ROLE_PERMISSION (CODE,PERMISSION_CODE,ROLE_CODE) values (814,1031,33);
Insert into AES.CORE_ROLE_PERMISSION (CODE,PERMISSION_CODE,ROLE_CODE) values (759,1032,32);
Insert into AES.CORE_ROLE_PERMISSION (CODE,PERMISSION_CODE,ROLE_CODE) values (815,1032,33);
Insert into AES.CORE_ROLE_PERMISSION (CODE,PERMISSION_CODE,ROLE_CODE) values (540,1033,16);
Insert into AES.CORE_ROLE_PERMISSION (CODE,PERMISSION_CODE,ROLE_CODE) values (760,1033,32);
Insert into AES.CORE_ROLE_PERMISSION (CODE,PERMISSION_CODE,ROLE_CODE) values (816,1033,33);
Insert into AES.CORE_ROLE_PERMISSION (CODE,PERMISSION_CODE,ROLE_CODE) values (761,1034,32);
Insert into AES.CORE_ROLE_PERMISSION (CODE,PERMISSION_CODE,ROLE_CODE) values (817,1034,33);
Insert into AES.CORE_ROLE_PERMISSION (CODE,PERMISSION_CODE,ROLE_CODE) values (762,1035,32);
Insert into AES.CORE_ROLE_PERMISSION (CODE,PERMISSION_CODE,ROLE_CODE) values (818,1035,33);
Insert into AES.CORE_ROLE_PERMISSION (CODE,PERMISSION_CODE,ROLE_CODE) values (763,1036,32);
Insert into AES.CORE_ROLE_PERMISSION (CODE,PERMISSION_CODE,ROLE_CODE) values (819,1036,33);
Insert into AES.CORE_ROLE_PERMISSION (CODE,PERMISSION_CODE,ROLE_CODE) values (415,1037,7);
Insert into AES.CORE_ROLE_PERMISSION (CODE,PERMISSION_CODE,ROLE_CODE) values (764,1037,32);
Insert into AES.CORE_ROLE_PERMISSION (CODE,PERMISSION_CODE,ROLE_CODE) values (820,1037,33);
Insert into AES.CORE_ROLE_PERMISSION (CODE,PERMISSION_CODE,ROLE_CODE) values (765,1038,32);
Insert into AES.CORE_ROLE_PERMISSION (CODE,PERMISSION_CODE,ROLE_CODE) values (821,1038,33);
Insert into AES.CORE_ROLE_PERMISSION (CODE,PERMISSION_CODE,ROLE_CODE) values (766,1039,32);
Insert into AES.CORE_ROLE_PERMISSION (CODE,PERMISSION_CODE,ROLE_CODE) values (822,1039,33);
Insert into AES.CORE_ROLE_PERMISSION (CODE,PERMISSION_CODE,ROLE_CODE) values (767,1040,32);
Insert into AES.CORE_ROLE_PERMISSION (CODE,PERMISSION_CODE,ROLE_CODE) values (823,1040,33);
Insert into AES.CORE_ROLE_PERMISSION (CODE,PERMISSION_CODE,ROLE_CODE) values (512,1041,17);
Insert into AES.CORE_ROLE_PERMISSION (CODE,PERMISSION_CODE,ROLE_CODE) values (768,1041,32);
Insert into AES.CORE_ROLE_PERMISSION (CODE,PERMISSION_CODE,ROLE_CODE) values (824,1041,33);
Insert into AES.CORE_ROLE_PERMISSION (CODE,PERMISSION_CODE,ROLE_CODE) values (769,1042,32);
Insert into AES.CORE_ROLE_PERMISSION (CODE,PERMISSION_CODE,ROLE_CODE) values (825,1042,33);
Insert into AES.CORE_ROLE_PERMISSION (CODE,PERMISSION_CODE,ROLE_CODE) values (515,1043,17);
Insert into AES.CORE_ROLE_PERMISSION (CODE,PERMISSION_CODE,ROLE_CODE) values (770,1043,32);
Insert into AES.CORE_ROLE_PERMISSION (CODE,PERMISSION_CODE,ROLE_CODE) values (826,1043,33);
Insert into AES.CORE_ROLE_PERMISSION (CODE,PERMISSION_CODE,ROLE_CODE) values (513,1044,17);
Insert into AES.CORE_ROLE_PERMISSION (CODE,PERMISSION_CODE,ROLE_CODE) values (771,1044,32);
Insert into AES.CORE_ROLE_PERMISSION (CODE,PERMISSION_CODE,ROLE_CODE) values (827,1044,33);
Insert into AES.CORE_ROLE_PERMISSION (CODE,PERMISSION_CODE,ROLE_CODE) values (417,1045,9);
Insert into AES.CORE_ROLE_PERMISSION (CODE,PERMISSION_CODE,ROLE_CODE) values (419,1045,10);
Insert into AES.CORE_ROLE_PERMISSION (CODE,PERMISSION_CODE,ROLE_CODE) values (421,1045,11);
Insert into AES.CORE_ROLE_PERMISSION (CODE,PERMISSION_CODE,ROLE_CODE) values (504,1045,13);
Insert into AES.CORE_ROLE_PERMISSION (CODE,PERMISSION_CODE,ROLE_CODE) values (506,1045,14);
Insert into AES.CORE_ROLE_PERMISSION (CODE,PERMISSION_CODE,ROLE_CODE) values (509,1045,15);
Insert into AES.CORE_ROLE_PERMISSION (CODE,PERMISSION_CODE,ROLE_CODE) values (772,1045,32);
Insert into AES.CORE_ROLE_PERMISSION (CODE,PERMISSION_CODE,ROLE_CODE) values (828,1045,33);
Insert into AES.CORE_ROLE_PERMISSION (CODE,PERMISSION_CODE,ROLE_CODE) values (501,1046,12);
Insert into AES.CORE_ROLE_PERMISSION (CODE,PERMISSION_CODE,ROLE_CODE) values (773,1046,32);
Insert into AES.CORE_ROLE_PERMISSION (CODE,PERMISSION_CODE,ROLE_CODE) values (829,1046,33);
Insert into AES.CORE_ROLE_PERMISSION (CODE,PERMISSION_CODE,ROLE_CODE) values (500,1047,12);
Insert into AES.CORE_ROLE_PERMISSION (CODE,PERMISSION_CODE,ROLE_CODE) values (774,1047,32);
Insert into AES.CORE_ROLE_PERMISSION (CODE,PERMISSION_CODE,ROLE_CODE) values (830,1047,33);
Insert into AES.CORE_ROLE_PERMISSION (CODE,PERMISSION_CODE,ROLE_CODE) values (416,1048,8);
Insert into AES.CORE_ROLE_PERMISSION (CODE,PERMISSION_CODE,ROLE_CODE) values (418,1048,9);
Insert into AES.CORE_ROLE_PERMISSION (CODE,PERMISSION_CODE,ROLE_CODE) values (420,1048,10);
Insert into AES.CORE_ROLE_PERMISSION (CODE,PERMISSION_CODE,ROLE_CODE) values (422,1048,11);
Insert into AES.CORE_ROLE_PERMISSION (CODE,PERMISSION_CODE,ROLE_CODE) values (775,1048,32);
Insert into AES.CORE_ROLE_PERMISSION (CODE,PERMISSION_CODE,ROLE_CODE) values (831,1048,33);
Insert into AES.CORE_ROLE_PERMISSION (CODE,PERMISSION_CODE,ROLE_CODE) values (409,1049,5);
Insert into AES.CORE_ROLE_PERMISSION (CODE,PERMISSION_CODE,ROLE_CODE) values (776,1049,32);
Insert into AES.CORE_ROLE_PERMISSION (CODE,PERMISSION_CODE,ROLE_CODE) values (832,1049,33);
Insert into AES.CORE_ROLE_PERMISSION (CODE,PERMISSION_CODE,ROLE_CODE) values (407,1050,3);
Insert into AES.CORE_ROLE_PERMISSION (CODE,PERMISSION_CODE,ROLE_CODE) values (777,1050,32);
Insert into AES.CORE_ROLE_PERMISSION (CODE,PERMISSION_CODE,ROLE_CODE) values (833,1050,33);
Insert into AES.CORE_ROLE_PERMISSION (CODE,PERMISSION_CODE,ROLE_CODE) values (410,1051,6);
Insert into AES.CORE_ROLE_PERMISSION (CODE,PERMISSION_CODE,ROLE_CODE) values (778,1051,32);
Insert into AES.CORE_ROLE_PERMISSION (CODE,PERMISSION_CODE,ROLE_CODE) values (834,1051,33);
Insert into AES.CORE_ROLE_PERMISSION (CODE,PERMISSION_CODE,ROLE_CODE) values (408,1052,4);
Insert into AES.CORE_ROLE_PERMISSION (CODE,PERMISSION_CODE,ROLE_CODE) values (779,1052,32);
Insert into AES.CORE_ROLE_PERMISSION (CODE,PERMISSION_CODE,ROLE_CODE) values (835,1052,33);
Insert into AES.CORE_ROLE_PERMISSION (CODE,PERMISSION_CODE,ROLE_CODE) values (423,1053,6);
Insert into AES.CORE_ROLE_PERMISSION (CODE,PERMISSION_CODE,ROLE_CODE) values (780,1053,32);
Insert into AES.CORE_ROLE_PERMISSION (CODE,PERMISSION_CODE,ROLE_CODE) values (836,1053,33);
Insert into AES.CORE_ROLE_PERMISSION (CODE,PERMISSION_CODE,ROLE_CODE) values (411,1054,7);
Insert into AES.CORE_ROLE_PERMISSION (CODE,PERMISSION_CODE,ROLE_CODE) values (516,1054,18);
Insert into AES.CORE_ROLE_PERMISSION (CODE,PERMISSION_CODE,ROLE_CODE) values (781,1054,32);
Insert into AES.CORE_ROLE_PERMISSION (CODE,PERMISSION_CODE,ROLE_CODE) values (837,1054,33);
Insert into AES.CORE_ROLE_PERMISSION (CODE,PERMISSION_CODE,ROLE_CODE) values (538,1055,22);
Insert into AES.CORE_ROLE_PERMISSION (CODE,PERMISSION_CODE,ROLE_CODE) values (782,1055,32);
Insert into AES.CORE_ROLE_PERMISSION (CODE,PERMISSION_CODE,ROLE_CODE) values (838,1055,33);
Insert into AES.CORE_ROLE_PERMISSION (CODE,PERMISSION_CODE,ROLE_CODE) values (412,1056,7);
Insert into AES.CORE_ROLE_PERMISSION (CODE,PERMISSION_CODE,ROLE_CODE) values (783,1056,32);
Insert into AES.CORE_ROLE_PERMISSION (CODE,PERMISSION_CODE,ROLE_CODE) values (839,1056,33);
Insert into AES.CORE_ROLE_PERMISSION (CODE,PERMISSION_CODE,ROLE_CODE) values (510,1057,16);
Insert into AES.CORE_ROLE_PERMISSION (CODE,PERMISSION_CODE,ROLE_CODE) values (784,1057,32);
Insert into AES.CORE_ROLE_PERMISSION (CODE,PERMISSION_CODE,ROLE_CODE) values (840,1057,33);
Insert into AES.CORE_ROLE_PERMISSION (CODE,PERMISSION_CODE,ROLE_CODE) values (511,1058,16);
Insert into AES.CORE_ROLE_PERMISSION (CODE,PERMISSION_CODE,ROLE_CODE) values (785,1058,32);
Insert into AES.CORE_ROLE_PERMISSION (CODE,PERMISSION_CODE,ROLE_CODE) values (841,1058,33);
Insert into AES.CORE_ROLE_PERMISSION (CODE,PERMISSION_CODE,ROLE_CODE) values (541,1059,16);
Insert into AES.CORE_ROLE_PERMISSION (CODE,PERMISSION_CODE,ROLE_CODE) values (786,1059,32);
Insert into AES.CORE_ROLE_PERMISSION (CODE,PERMISSION_CODE,ROLE_CODE) values (842,1059,33);
Insert into AES.CORE_ROLE_PERMISSION (CODE,PERMISSION_CODE,ROLE_CODE) values (402,1060,2);
Insert into AES.CORE_ROLE_PERMISSION (CODE,PERMISSION_CODE,ROLE_CODE) values (787,1060,32);
Insert into AES.CORE_ROLE_PERMISSION (CODE,PERMISSION_CODE,ROLE_CODE) values (843,1060,33);
Insert into AES.CORE_ROLE_PERMISSION (CODE,PERMISSION_CODE,ROLE_CODE) values (536,1061,20);
Insert into AES.CORE_ROLE_PERMISSION (CODE,PERMISSION_CODE,ROLE_CODE) values (542,1061,23);
Insert into AES.CORE_ROLE_PERMISSION (CODE,PERMISSION_CODE,ROLE_CODE) values (788,1061,32);
Insert into AES.CORE_ROLE_PERMISSION (CODE,PERMISSION_CODE,ROLE_CODE) values (844,1061,33);
Insert into AES.CORE_ROLE_PERMISSION (CODE,PERMISSION_CODE,ROLE_CODE) values (401,1062,2);
Insert into AES.CORE_ROLE_PERMISSION (CODE,PERMISSION_CODE,ROLE_CODE) values (789,1062,32);
Insert into AES.CORE_ROLE_PERMISSION (CODE,PERMISSION_CODE,ROLE_CODE) values (845,1062,33);
Insert into AES.CORE_ROLE_PERMISSION (CODE,PERMISSION_CODE,ROLE_CODE) values (790,1063,32);
Insert into AES.CORE_ROLE_PERMISSION (CODE,PERMISSION_CODE,ROLE_CODE) values (846,1063,33);
Insert into AES.CORE_ROLE_PERMISSION (CODE,PERMISSION_CODE,ROLE_CODE) values (791,1064,32);
Insert into AES.CORE_ROLE_PERMISSION (CODE,PERMISSION_CODE,ROLE_CODE) values (847,1064,33);
Insert into AES.CORE_ROLE_PERMISSION (CODE,PERMISSION_CODE,ROLE_CODE) values (792,1065,32);
Insert into AES.CORE_ROLE_PERMISSION (CODE,PERMISSION_CODE,ROLE_CODE) values (848,1065,33);
Insert into AES.CORE_ROLE_PERMISSION (CODE,PERMISSION_CODE,ROLE_CODE) values (793,1066,32);
Insert into AES.CORE_ROLE_PERMISSION (CODE,PERMISSION_CODE,ROLE_CODE) values (849,1066,33);
Insert into AES.CORE_ROLE_PERMISSION (CODE,PERMISSION_CODE,ROLE_CODE) values (537,1067,21);
Insert into AES.CORE_ROLE_PERMISSION (CODE,PERMISSION_CODE,ROLE_CODE) values (794,1067,32);
Insert into AES.CORE_ROLE_PERMISSION (CODE,PERMISSION_CODE,ROLE_CODE) values (850,1067,33);
Insert into AES.CORE_ROLE_PERMISSION (CODE,PERMISSION_CODE,ROLE_CODE) values (795,1068,32);
Insert into AES.CORE_ROLE_PERMISSION (CODE,PERMISSION_CODE,ROLE_CODE) values (851,1068,33);
Insert into AES.CORE_ROLE_PERMISSION (CODE,PERMISSION_CODE,ROLE_CODE) values (400,1069,2);
Insert into AES.CORE_ROLE_PERMISSION (CODE,PERMISSION_CODE,ROLE_CODE) values (518,1069,19);
Insert into AES.CORE_ROLE_PERMISSION (CODE,PERMISSION_CODE,ROLE_CODE) values (523,1069,24);
Insert into AES.CORE_ROLE_PERMISSION (CODE,PERMISSION_CODE,ROLE_CODE) values (796,1069,32);
Insert into AES.CORE_ROLE_PERMISSION (CODE,PERMISSION_CODE,ROLE_CODE) values (852,1069,33);
Insert into AES.CORE_ROLE_PERMISSION (CODE,PERMISSION_CODE,ROLE_CODE) values (403,1070,2);
Insert into AES.CORE_ROLE_PERMISSION (CODE,PERMISSION_CODE,ROLE_CODE) values (539,1070,19);
Insert into AES.CORE_ROLE_PERMISSION (CODE,PERMISSION_CODE,ROLE_CODE) values (525,1070,24);
Insert into AES.CORE_ROLE_PERMISSION (CODE,PERMISSION_CODE,ROLE_CODE) values (797,1070,32);
Insert into AES.CORE_ROLE_PERMISSION (CODE,PERMISSION_CODE,ROLE_CODE) values (853,1070,33);
Insert into AES.CORE_ROLE_PERMISSION (CODE,PERMISSION_CODE,ROLE_CODE) values (405,1071,2);
Insert into AES.CORE_ROLE_PERMISSION (CODE,PERMISSION_CODE,ROLE_CODE) values (798,1071,32);
Insert into AES.CORE_ROLE_PERMISSION (CODE,PERMISSION_CODE,ROLE_CODE) values (854,1071,33);
Insert into AES.CORE_ROLE_PERMISSION (CODE,PERMISSION_CODE,ROLE_CODE) values (799,1072,32);
Insert into AES.CORE_ROLE_PERMISSION (CODE,PERMISSION_CODE,ROLE_CODE) values (855,1072,33);
Insert into AES.CORE_ROLE_PERMISSION (CODE,PERMISSION_CODE,ROLE_CODE) values (404,1073,2);
Insert into AES.CORE_ROLE_PERMISSION (CODE,PERMISSION_CODE,ROLE_CODE) values (800,1073,32);
Insert into AES.CORE_ROLE_PERMISSION (CODE,PERMISSION_CODE,ROLE_CODE) values (856,1073,33);
Insert into AES.CORE_ROLE_PERMISSION (CODE,PERMISSION_CODE,ROLE_CODE) values (406,1074,2);
Insert into AES.CORE_ROLE_PERMISSION (CODE,PERMISSION_CODE,ROLE_CODE) values (519,1074,19);
Insert into AES.CORE_ROLE_PERMISSION (CODE,PERMISSION_CODE,ROLE_CODE) values (526,1074,24);
Insert into AES.CORE_ROLE_PERMISSION (CODE,PERMISSION_CODE,ROLE_CODE) values (801,1074,32);
Insert into AES.CORE_ROLE_PERMISSION (CODE,PERMISSION_CODE,ROLE_CODE) values (857,1074,33);
Insert into AES.CORE_ROLE_PERMISSION (CODE,PERMISSION_CODE,ROLE_CODE) values (521,1075,19);
Insert into AES.CORE_ROLE_PERMISSION (CODE,PERMISSION_CODE,ROLE_CODE) values (529,1075,24);
Insert into AES.CORE_ROLE_PERMISSION (CODE,PERMISSION_CODE,ROLE_CODE) values (802,1075,32);
Insert into AES.CORE_ROLE_PERMISSION (CODE,PERMISSION_CODE,ROLE_CODE) values (858,1075,33);
Insert into AES.CORE_ROLE_PERMISSION (CODE,PERMISSION_CODE,ROLE_CODE) values (803,1076,32);
Insert into AES.CORE_ROLE_PERMISSION (CODE,PERMISSION_CODE,ROLE_CODE) values (859,1076,33);
Insert into AES.CORE_ROLE_PERMISSION (CODE,PERMISSION_CODE,ROLE_CODE) values (520,1077,19);
Insert into AES.CORE_ROLE_PERMISSION (CODE,PERMISSION_CODE,ROLE_CODE) values (527,1077,24);
Insert into AES.CORE_ROLE_PERMISSION (CODE,PERMISSION_CODE,ROLE_CODE) values (530,1077,25);
Insert into AES.CORE_ROLE_PERMISSION (CODE,PERMISSION_CODE,ROLE_CODE) values (533,1077,26);
Insert into AES.CORE_ROLE_PERMISSION (CODE,PERMISSION_CODE,ROLE_CODE) values (804,1077,32);
Insert into AES.CORE_ROLE_PERMISSION (CODE,PERMISSION_CODE,ROLE_CODE) values (860,1077,33);
Insert into AES.CORE_ROLE_PERMISSION (CODE,PERMISSION_CODE,ROLE_CODE) values (522,1078,19);
Insert into AES.CORE_ROLE_PERMISSION (CODE,PERMISSION_CODE,ROLE_CODE) values (528,1078,24);
Insert into AES.CORE_ROLE_PERMISSION (CODE,PERMISSION_CODE,ROLE_CODE) values (531,1078,25);
Insert into AES.CORE_ROLE_PERMISSION (CODE,PERMISSION_CODE,ROLE_CODE) values (534,1078,26);
Insert into AES.CORE_ROLE_PERMISSION (CODE,PERMISSION_CODE,ROLE_CODE) values (805,1078,32);
Insert into AES.CORE_ROLE_PERMISSION (CODE,PERMISSION_CODE,ROLE_CODE) values (861,1078,33);
Insert into AES.CORE_ROLE_PERMISSION (CODE,PERMISSION_CODE,ROLE_CODE) values (532,1079,25);
Insert into AES.CORE_ROLE_PERMISSION (CODE,PERMISSION_CODE,ROLE_CODE) values (535,1079,26);
Insert into AES.CORE_ROLE_PERMISSION (CODE,PERMISSION_CODE,ROLE_CODE) values (413,1080,7);
commit;
exit;
